address,age,birth_date,cognitive_disability_level,collection_administrative_area_1,collection_administrative_area_2,collection_administrative_area_3,collection_office,collection_agent_name,collection_agent_title,collection_time,comments,communication_disability_level,community_id,displacement_status,displacement_status_comment,email_1,email_2,email_3,full_name,first_name,middle_name,last_name,free_field_1,free_field_2,free_field_3,free_field_4,free_field_5,sex,has_cognitive_disability,has_communication_disability,has_consented_to_rgpd,has_consented_to_referral,has_hearing_disability,has_mobility_disability,has_selfcare_disability,has_vision_disability,hearing_disability_level,household_id,identification_type_1,identification_type_explanation_1,identification_number_1,identification_type_2,identification_type_explanation_2,identification_number_2,identification_type_3,identification_type_explanation_3,identification_number_3,engagement_context,internal_id,is_head_of_community,is_head_of_household,is_female_headed_household,is_minor_headed_household,is_minor,mobility_disability_level,nationality_1,nationality_2,phone_number_1,phone_number_2,phone_number_3,preferred_contact_method,preferred_contact_method_comments,preferred_name,preferred_communication_language,prefers_to_remain_anonymous,presents_protection_concerns,selfcare_disability_level,spoken_language_1,spoken_language_2,spoken_language_3,vision_disability_level,service_cc_1,service_requested_date_1,service_delivered_date_1,service_cc_2,service_requested_date_2,service_delivered_date_2,service_cc_3,service_requested_date_3,service_delivered_date_3,service_cc_4,service_requested_date_4,service_delivered_date_4,service_cc_5,service_requested_date_5,service_delivered_date_5,service_cc_6,service_requested_date_6,service_delivered_date_6,service_cc_7,service_requested_date_7,service_delivered_date_7
,56,2016-03-05,none,Cayman Islands,Tennessee,Zanderborough,Mayertview Office,Annamarie Kemmer Sr.,Internal Infrastructure Analyst,2022-01-22,,moderate,131847,asylum_seeker,,isabella.turcotte@pouros.org,zackary@fadel.name,dee.heller@swift.org,Kaia Sylvia Hintz,Kaia,Sylvia,Hintz,,186258,,,,female,false,true,true,true,false,true,true,false,none,,other,Est laudantium earum. Nisi tempore debitis voluptas laudantium beatae quidem. Ipsam autem a cum qui quia quia.,908712433,nationalId,,605764324,other,Consequuntur quod similique ratione. Ullam facilis eius animi. Aut est minima.,776971353,houseVisit,920627189,false,false,true,true,false,none,SXM,MWI,(863)318-8852,,,email,,Kaia Hintz,kii,false,true,moderate,onr,zpd,kbm,none,shelter_and_settlements,2021-06-10,2020-11-17,wash,2022-04-20,2018-10-11,protection,2022-04-19,2019-07-23,education,2022-08-03,2022-07-02,icla,2015-03-27,2020-06-05,lfs,2021-04-20,2022-06-07,cva,2021-02-10,2020-10-27
,84,1910-08-15,none,Equatorial Guinea,Colorado,West Silasside,West Malika Office,Florence McLaughlin,Corporate Security Designer,2019-04-05,"Est impedit eius vero. Corporis doloremque accusantium veritatis sapiente qui enim. Sed sint aspernatur et omnis maxime.

Et saepe enim. Vel assumenda dignissimos error in placeat ullam. Rem sit dolores delectus inventore.

Quibusdam placeat iure dolorum. Qui excepturi dicta reiciendis nihil quam. Quod voluptatibus saepe tenetur quae fugiat dolores error.",none,131847,asylum_seeker,,rogers.keebler@wisokyrogahn.net,,,Dariana Letitia Morar,Dariana,Letitia,Morar,,,,599183,500090,other,false,false,true,false,false,true,true,true,none,498081,nationalId,,126354657,other,"Aut eligendi et quia veniam asperiores quis. Enim qui unde assumenda labore. Aspernatur nemo assumenda repellat.

Placeat minus ea vitae maxime rerum odio. Vero molestias eaque. Culpa quo quia eos eveniet eos accusamus.

Consequatur numquam aut nobis placeat. Et atque in cum. Sed architecto cumque sint sit.",538389371,nationalId,,65889513,remoteChannels,792661359,false,false,false,false,true,none,GRD,SRB,566.186.5203 x51525,,,whatsapp,,Dariana Morar,pej,false,true,none,rwk,llq,lcc,severe,shelter_and_settlements,2021-05-14,2020-07-15,wash,2022-09-20,2022-03-02,protection,2022-09-21,2022-07-13,education,2018-02-25,2019-06-21,icla,2020-06-11,2022-04-03,lfs,2018-05-08,2022-06-03,cva,2020-10-18,2013-04-09
"76336 Lemke Inlet
36537-3121 Waelchifurt
Ecuador",92,1949-05-26,severe,Liberia,South Dakota,Lake Spencer,Kertzmannberg Office,Rogers Ziemann,Legacy Response Agent,2014-07-16,"Illum exercitationem veritatis eligendi. Aut optio ducimus. Deserunt accusamus id similique at aut.

Itaque beatae similique voluptas hic. Sunt dicta sapiente. Sint facere soluta veritatis quas voluptatem.",none,131847,asylum_seeker,,santiago_dooley@conroy.biz,santos@huels.biz,kay@cartwright.name,Susana Amelia Schoen,Susana,Amelia,Schoen,,,,,,other,true,false,false,true,false,false,true,true,none,727887,,,,,,,nationalId,,953697477,,70805036,false,true,false,false,false,none,CPV,GBR,346-483-2153,,,phone,,Susana Schoen,all,false,false,severe,kim,mnh,ocm,severe,shelter_and_settlements,2020-10-01,2020-03-10,wash,2022-06-23,2020-04-04,protection,2021-10-27,2022-03-21,education,2019-06-09,2020-01-14,icla,2021-07-09,2021-06-22,lfs,2015-02-19,2017-03-07,cva,2018-01-09,2019-07-21
"83526 Morris Curve
05111-0787 Port Friedrich
United States Minor Outlying Islands",62,1987-05-26,moderate,Saint Helena,Texas,North Ayanastad,Greenholtport Office,Aliya Grady,Customer Assurance Administrator,2020-10-18,,none,131847,returnee,,jabari_kihn@stehr.com,ernestina_goodwin@kuhicmarks.name,,Clarissa Ozella Wolff,Clarissa,Ozella,Wolff,,,500030,,92523,other,true,false,true,false,true,false,true,false,none,727887,passport,,971699488,,,,nationalId,,782064401,remoteChannels,141593973,false,false,true,false,false,none,BGR,UZB,(560)745-5321 x71317,,,phone,,Clarissa Wolff,loo,false,true,none,gvc,lml,bdo,none,shelter_and_settlements,2021-11-12,2021-05-16,wash,2021-01-17,2018-11-01,protection,2019-11-11,2022-04-07,education,2019-03-20,2019-01-17,icla,2020-03-02,2015-03-22,lfs,2019-04-24,2021-10-12,cva,2022-07-03,2018-06-27
"27374 Cameron Rapids
23014-6887 East Emmett
Pakistan",,1913-03-21,none,Botswana,Missouri,Flatleyfort,Kutchbury Office,Amara Williamson,Future Mobility Designer,2022-08-13,,none,131847,non_displaced,,,,,Waylon Henry Wintheiser,Waylon,Henry,Wintheiser,,522370,,,,other,false,true,false,false,true,false,true,true,moderate,,nationalId,,998903585,passport,,450669058,nationalId,,141365392,other,555055815,false,false,false,true,true,none,JOR,ZMB,(264)280-6377 x5146,,,other,,Waylon Wintheiser,nyu,false,true,none,qxo,tlg,iti,moderate,shelter_and_settlements,2022-03-21,2021-01-01,wash,2022-05-05,2021-03-01,protection,2021-06-01,2022-11-01,education,2017-09-22,2020-11-11,icla,2020-11-04,2022-02-02,lfs,2018-09-27,2018-05-11,cva,2022-11-25,2021-06-17
