address,age,birth_date,cognitive_disability_level,collection_administrative_area_1,collection_administrative_area_2,collection_administrative_area_3,collection_office,collection_agent_name,collection_agent_title,collection_time,comments,communication_disability_level,community_id,displacement_status,displacement_status_comment,email_1,email_2,email_3,full_name,free_field_1,free_field_2,free_field_3,free_field_4,free_field_5,sex,has_cognitive_disability,has_communication_disability,has_consented_to_rgpd,has_consented_to_referral,has_hearing_disability,has_mobility_disability,has_selfcare_disability,has_vision_disability,hearing_disability_level,household_id,identification_type_1,identification_type_explanation_1,identification_number_1,identification_type_2,identification_type_explanation_2,identification_number_2,identification_type_3,identification_type_explanation_3,identification_number_3,engagement_context,internal_id,is_head_of_community,is_head_of_household,is_minor,mobility_disability_level,nationality_1,nationality_2,phone_number_1,phone_number_2,phone_number_3,preferred_contact_method,preferred_contact_method_comments,preferred_name,preferred_communication_language,prefers_to_remain_anonymous,presents_protection_concerns,selfcare_disability_level,spoken_language_1,spoken_language_2,spoken_language_3,vision_disability_level
"24802 Arielle Ford
25205-1077 Adolphfort
Turkmenistan",,,mild,Gambia,Montana,Mozelleberg,South Rachelshire Office,Landen Sauer,Principal Communications Officer,06.08.2017,Asperiores quam inventore delectus voluptas id ut eum. Saepe expedita enim sit nesciunt officiis. Sit minus non aut neque culpa odit.,none,278511,idp,,,,,"NIENOW, Darryl",3090,,,,,other,true,false,false,false,true,false,false,true,moderate,941318,,,,nationalId,,919889828,passport,,465987202,other,980435746,false,false,true,none,GAB,ISL,,,,whatsapp,,"NIENOW, Darryl",kbm,false,true,none,hoi,lac,kyp,severe
"27258 Rogahn Cliffs
12461-0430 Walterton
Bermuda",51,1935-04-09,none,Chad,Alaska,East Winifred,East Abigale Office,Chyna Daugherty,Forward Brand Designer,2021-08-03,"Qui quo alias voluptas qui laborum rerum. Voluptatem eos quis ut molestiae delectus molestiae. Qui voluptatum sed et nihil.

Vitae voluptatem sint iure et quas numquam. Non non atque animi doloribus repellendus voluptas eum. Quidem ducimus quod.",none,,;lkhj,,,,,,,,,,,dfgh,false,false,true,true,false,false,false,false,none,,nationalId,,612251387,passport,,617401528,nationalId,,764004384,inOffice,497851224,false,false,true,none,TCA,GNQ,(522)824-7712,,,email,,,nof,true,false,none,bip,mks,dal,none
"6066 Violet Causeway
67308-3844 Bereniceburgh
Wallis and Futuna",30,1974-01-15,none,Guinea-Bissau,Georgia,Bartellville,South Jayceeshire Office,Olaf Haag,Lead Group Coordinator,2018-07-24,,mild,410694,idp,,ghjghjg,,,"MONAHAN, Roger",607920,,,,,fghgf,false,true,false,true,false,false,true,false,none,,nationalId,,177123756,other,"Accusantium nobis vitae vero autem consequuntur hic aut. Facilis dolor perspiciatis consequatur. Suscipit voluptates omnis quia eveniet.

Non quo impedit enim. Corporis magni beatae nesciunt inventore dolor. Aut dolores perspiciatis sapiente aperiam molestias dolor odio.",859397807,,,,inOffice,72422181,false,false,false,none,ARM,GRL,772.157.6247,,,other,,"MONAHAN, Roger",cua,false,false,severe,trz,bjk,bfo,none
"21161 Predovic Common
48122 Dashawnhaven
United Kingdom",0,06.08.1993,moderate,Nepal,Maryland,Lake Maxwell,Anitafurt Office,Dr. Cortney Leannon,District Infrastructure Administrator,2020-07-16,Id et beatae. Reprehenderit commodi sunt quia consequatur et omnis architecto. Atque quia adipisci distinctio cum.,severe,278511,non_displaced,,estevan_ebert@okeefe.name,cortez@watsicanicolas.net,,"STARK, Tania",,,,257293,229648,female,true,true,false,true,false,false,false,false,none,984059,nationalId,,286759859,other,Nam quos rem soluta occaecati. Rerum tempora aut. Sit possimus velit ut aut.,888158408,,,,other,491596774,false,false,false,none,TUN,PNG,,,,whatsapp,,"STARK, Tania",lay,false,false,none,lpo,cov,dnj,none
